path,status,gain,q18_before,q50_before,q80_before,q92_before,q18_after,q50_after,q80_after,q92_after
cards/001.webp,inchangée,1.0000,0.13688,0.36703,0.58782,0.71707,0.13688,0.36703,0.58782,0.71707
cards/002.webp,éclaircie sans assombrissement,1.1000,0.04817,0.32049,0.64687,0.74507,0.05297,0.35269,0.71095,0.81487
cards/003-joie-final.webp,référence Joie inchangée,1.0000,0.12086,0.38470,0.59491,0.70562,0.12086,0.38470,0.59491,0.70562
cards/004.webp,inchangée,1.0000,0.05350,0.32960,0.62619,0.75379,0.05350,0.32960,0.62619,0.75379
cards/005.webp,inchangée,1.0000,0.13473,0.35267,0.54736,0.66596,0.13473,0.35267,0.54736,0.66596
cards/006.webp,inchangée,1.0000,0.12037,0.33087,0.64012,0.83167,0.12037,0.33087,0.64012,0.83167
cards/007-tempete-final.webp,éclaircie sans assombrissement,1.1000,0.08071,0.29435,0.53660,0.68282,0.08868,0.32361,0.58950,0.74360
cards/008.webp,inchangée,1.0000,0.20475,0.47919,0.63285,0.71269,0.20475,0.47919,0.63285,0.71269
cards/009.webp,inchangée,1.0000,0.19588,0.44710,0.65874,0.77503,0.19588,0.44710,0.65874,0.77503
cards/010.webp,inchangée,1.0000,0.14155,0.37874,0.65532,0.77048,0.14155,0.37874,0.65532,0.77048
cards/011.webp,éclaircie sans assombrissement,1.1000,0.08178,0.21164,0.62138,0.76557,0.09013,0.23272,0.68192,0.83215
cards/012.webp,inchangée,1.0000,0.13081,0.40742,0.61504,0.73147,0.13081,0.40742,0.61504,0.73147
cards/013.webp,inchangée,1.0000,0.09696,0.35876,0.56387,0.65625,0.09696,0.35876,0.56387,0.65625
cards/014.webp,éclaircie sans assombrissement,1.1000,0.11110,0.30298,0.49415,0.61981,0.12235,0.33331,0.54248,0.67526
cards/015.webp,inchangée,1.0000,0.17187,0.40824,0.64196,0.70310,0.17187,0.40824,0.64196,0.70310
cards/016-stabilite-final.webp,inchangée,1.0000,0.09981,0.34798,0.58271,0.70757,0.09981,0.34798,0.58271,0.70757
cards/017.webp,éclaircie sans assombrissement,1.1000,0.05295,0.30377,0.58031,0.79609,0.05815,0.33422,0.63729,0.86610
cards/018.webp,éclaircie sans assombrissement,1.1000,0.09152,0.27149,0.58628,0.75600,0.10098,0.29859,0.64351,0.82394
cards/019.webp,inchangée,1.0000,0.24080,0.47347,0.70231,0.77706,0.24080,0.47347,0.70231,0.77706
cards/020.webp,inchangée,1.0000,0.17518,0.38789,0.60805,0.72879,0.17518,0.38789,0.60805,0.72879
cards/021-union-final.webp,inchangée,1.0000,0.10172,0.35845,0.57733,0.69378,0.10172,0.35845,0.57733,0.69378
cards/022.webp,inchangée,1.0000,0.30066,0.57845,0.74517,0.83729,0.30066,0.57845,0.74517,0.83729
cards/023.webp,inchangée,1.0000,0.16553,0.47074,0.68744,0.76610,0.16553,0.47074,0.68744,0.76610
cards/024.png,éclaircie sans assombrissement,1.1000,0.06219,0.28928,0.53910,0.73308,0.06815,0.31814,0.59201,0.79084
cards/025.webp,inchangée,1.0000,0.10425,0.39157,0.63315,0.74444,0.10425,0.39157,0.63315,0.74444
cards/026.webp,inchangée,1.0000,0.15141,0.35724,0.58462,0.65320,0.15141,0.35724,0.58462,0.65320
cards/027.webp,inchangée,1.0000,0.10366,0.34423,0.63829,0.76736,0.10366,0.34423,0.63829,0.76736
cards/028.webp,éclaircie sans assombrissement,1.1000,0.05398,0.26996,0.57126,0.79732,0.05902,0.29707,0.62691,0.86872
cards/029-succes-final.webp,inchangée,1.0000,0.17973,0.42508,0.59402,0.70966,0.17973,0.42508,0.59402,0.70966
cards/030-ecoute-final.webp,inchangée,1.0000,0.12006,0.36447,0.60878,0.71483,0.12006,0.36447,0.60878,0.71483
cards/031.webp,éclaircie sans assombrissement,1.1000,0.08639,0.28522,0.53893,0.75647,0.09513,0.31391,0.59162,0.82076
cards/032.webp,inchangée,1.0000,0.22793,0.47571,0.65743,0.75342,0.22793,0.47571,0.65743,0.75342
cards/033.webp,inchangée,1.0000,0.15722,0.37216,0.57751,0.71921,0.15722,0.37216,0.57751,0.71921
cards/034.webp,inchangée,1.0000,0.23328,0.47311,0.66350,0.75899,0.23328,0.47311,0.66350,0.75899
cards/035.webp,inchangée,1.0000,0.12825,0.36286,0.62759,0.70925,0.12825,0.36286,0.62759,0.70925
cards/036-blocage-final.webp,éclaircie sans assombrissement,1.1000,0.09043,0.29817,0.56303,0.68815,0.09935,0.32796,0.61826,0.74766
cards/037-cohesion-final.webp,inchangée,1.0000,0.10788,0.37936,0.60297,0.69558,0.10788,0.37936,0.60297,0.69558
cards/038.webp,inchangée,1.0000,0.14676,0.43917,0.67339,0.76738,0.14676,0.43917,0.67339,0.76738
cards/039-patience-final.webp,inchangée,1.0000,0.14443,0.43440,0.75534,0.98543,0.14443,0.43440,0.75534,0.98543
cards/040.webp,inchangée,1.0000,0.09361,0.34316,0.64965,0.79152,0.09361,0.34316,0.64965,0.79152
cards/041.webp,inchangée,1.0000,0.08727,0.35164,0.57272,0.73194,0.08727,0.35164,0.57272,0.73194
cards/042.webp,inchangée,1.0000,0.09234,0.33760,0.59807,0.71696,0.09234,0.33760,0.59807,0.71696
cards/043.webp,inchangée,1.0000,0.17654,0.43873,0.65879,0.76963,0.17654,0.43873,0.65879,0.76963
cards/044.webp,inchangée,1.0000,0.21868,0.43056,0.63738,0.73120,0.21868,0.43056,0.63738,0.73120
cards/045.webp,inchangée,1.0000,0.19725,0.43498,0.64498,0.74247,0.19725,0.43498,0.64498,0.74247
cards/046.webp,inchangée,1.0000,0.14865,0.39765,0.64425,0.76354,0.14865,0.39765,0.64425,0.76354
cards/047.webp,inchangée,1.0000,0.16785,0.38937,0.61162,0.71019,0.16785,0.38937,0.61162,0.71019
cards/048.webp,éclaircie sans assombrissement,1.1000,0.05951,0.25161,0.59091,0.75983,0.06536,0.27689,0.64888,0.83063
cards/049-liberation-final.webp,inchangée,1.0000,0.24249,0.46541,0.66053,0.76490,0.24249,0.46541,0.66053,0.76490
cards/050.webp,inchangée,1.0000,0.22967,0.45707,0.66151,0.76813,0.22967,0.45707,0.66151,0.76813
cards/051.webp,éclaircie sans assombrissement,1.1000,0.05817,0.31195,0.62070,0.72879,0.06373,0.34326,0.68174,0.79471
cards/052-memoire-final.webp,inchangée,1.0000,0.11179,0.37096,0.59664,0.71435,0.11179,0.37096,0.59664,0.71435
cards/053.webp,inchangée,1.0000,0.05986,0.33448,0.62229,0.76393,0.05986,0.33448,0.62229,0.76393
cards/054.webp,inchangée,1.0000,0.07282,0.32969,0.62320,0.74274,0.07282,0.32969,0.62320,0.74274
cards/055-transition-final.webp,inchangée,1.0000,0.11994,0.35446,0.62639,0.75409,0.11994,0.35446,0.62639,0.75409
cards/056.webp,inchangée,1.0000,0.08902,0.35247,0.65066,0.73953,0.08902,0.35247,0.65066,0.73953
cards/057.webp,inchangée,1.0000,0.15416,0.36313,0.65622,0.78649,0.15416,0.36313,0.65622,0.78649
cards/058.webp,éclaircie sans assombrissement,1.1000,0.09912,0.29512,0.59835,0.73112,0.10909,0.32468,0.65452,0.79224
cards/059.webp,inchangée,1.0000,0.14159,0.46507,0.68496,0.75979,0.14159,0.46507,0.68496,0.75979
cards/060.webp,éclaircie sans assombrissement,1.1000,0.05819,0.17402,0.52833,0.75637,0.06373,0.19131,0.57952,0.82487
cards/061.png,inchangée,1.0000,0.13833,0.34870,0.61912,0.77202,0.13833,0.34870,0.61912,0.77202
cards/062.webp,éclaircie sans assombrissement,1.1000,0.05710,0.27870,0.66773,0.79999,0.06246,0.30650,0.73285,0.87097
cards/063.png,inchangée,1.0000,0.13313,0.39282,0.62926,0.70639,0.13313,0.39282,0.62926,0.70639
cards/064.webp,inchangée,1.0000,0.06328,0.33305,0.65595,0.74617,0.06328,0.33305,0.65595,0.74617
cards/065.png,inchangée,1.0000,0.08698,0.35226,0.62296,0.74024,0.08698,0.35226,0.62296,0.74024
cards/066.png,inchangée,1.0000,0.12215,0.38087,0.58406,0.71100,0.12215,0.38087,0.58406,0.71100
cards/067.webp,éclaircie sans assombrissement,1.1000,0.04868,0.26417,0.55117,0.75691,0.05337,0.29050,0.60370,0.82216
cards/068-protection-final.webp,inchangée,1.0000,0.12413,0.39726,0.58029,0.70545,0.12413,0.39726,0.58029,0.70545
cards/069.webp,inchangée,1.0000,0.12738,0.33955,0.58889,0.68281,0.12738,0.33955,0.58889,0.68281
cards/070.webp,inchangée,1.0000,0.06991,0.38525,0.63044,0.70956,0.06991,0.38525,0.63044,0.70956
cards/071.webp,éclaircie sans assombrissement,1.1000,0.07602,0.32004,0.58977,0.74634,0.08392,0.35214,0.64819,0.81579
cards/072.webp,inchangée,1.0000,0.14141,0.35865,0.60025,0.70370,0.14141,0.35865,0.60025,0.70370
cards/073.png,inchangée,1.0000,0.15355,0.35169,0.60332,0.74098,0.15355,0.35169,0.60332,0.74098
cards/074.webp,éclaircie sans assombrissement,1.1000,0.07959,0.26870,0.57539,0.71268,0.08783,0.29560,0.63155,0.77312
cards/075.webp,éclaircie sans assombrissement,1.1000,0.04595,0.24213,0.64042,0.81694,0.05057,0.26648,0.70240,0.88754
cards/076.webp,inchangée,1.0000,0.12645,0.34775,0.61873,0.74458,0.12645,0.34775,0.61873,0.74458
cards/077.webp,inchangée,1.0000,0.15275,0.42881,0.72491,0.82080,0.15275,0.42881,0.72491,0.82080
cards/078.webp,inchangée,1.0000,0.24758,0.53887,0.71057,0.80893,0.24758,0.53887,0.71057,0.80893
cards/079.webp,inchangée,1.0000,0.07323,0.33257,0.66690,0.77073,0.07323,0.33257,0.66690,0.77073
cards/080.webp,inchangée,1.0000,0.14224,0.36635,0.67311,0.80985,0.14224,0.36635,0.67311,0.80985
cards/081.webp,éclaircie sans assombrissement,1.1000,0.10589,0.32621,0.60361,0.71479,0.11671,0.35890,0.65997,0.77440
cards/082.webp,inchangée,1.0000,0.17204,0.39714,0.60497,0.71281,0.17204,0.39714,0.60497,0.71281
cards/083.webp,inchangée,1.0000,0.08531,0.33419,0.54384,0.69662,0.08531,0.33419,0.54384,0.69662
cards/084.png,inchangée,1.0000,0.11029,0.35853,0.63571,0.77592,0.11029,0.35853,0.63571,0.77592
cards/085.webp,inchangée,1.0000,0.15387,0.34554,0.63724,0.75327,0.15387,0.34554,0.63724,0.75327
cards/086.webp,inchangée,1.0000,0.17958,0.40887,0.63423,0.73015,0.17958,0.40887,0.63423,0.73015
cards/087.webp,inchangée,1.0000,0.07088,0.35455,0.63623,0.80156,0.07088,0.35455,0.63623,0.80156
cards/088-vision-final.webp,inchangée,1.0000,0.11333,0.38448,0.60049,0.73232,0.11333,0.38448,0.60049,0.73232
cards/089.webp,inchangée,1.0000,0.21736,0.44321,0.67272,0.74629,0.21736,0.44321,0.67272,0.74629
cards/090.webp,inchangée,1.0000,0.19610,0.43218,0.66935,0.75861,0.19610,0.43218,0.66935,0.75861
cards/091.webp,inchangée,1.0000,0.12537,0.41959,0.70006,0.99608,0.12537,0.41959,0.70006,0.99608
cards/092.webp,inchangée,1.0000,0.14428,0.37467,0.59260,0.79303,0.14428,0.37467,0.59260,0.79303
cards/093.webp,éclaircie sans assombrissement,1.1000,0.09702,0.31899,0.62231,0.71949,0.10678,0.35077,0.68239,0.78035
cards/094.png,inchangée,1.0000,0.07266,0.34716,0.55575,0.68646,0.07266,0.34716,0.55575,0.68646
cards/095.webp,inchangée,1.0000,0.15428,0.43614,0.65856,0.74364,0.15428,0.43614,0.65856,0.74364
cards/096.png,inchangée,1.0000,0.11530,0.45602,0.67984,0.75710,0.11530,0.45602,0.67984,0.75710
cards/097.png,inchangée,1.0000,0.09999,0.37698,0.65828,0.76819,0.09999,0.37698,0.65828,0.76819
cards/098.webp,éclaircie sans assombrissement,1.1000,0.06918,0.11707,0.45392,0.67182,0.07600,0.12903,0.49859,0.73015
cards/099.webp,inchangée,1.0000,0.14577,0.36487,0.61124,0.70293,0.14577,0.36487,0.61124,0.70293
cards/100.webp,inchangée,1.0000,0.09400,0.36263,0.61199,0.72892,0.09400,0.36263,0.61199,0.72892
cards/101.png,inchangée,1.0000,0.10032,0.39593,0.67194,0.76504,0.10032,0.39593,0.67194,0.76504
cards/102.webp,inchangée,1.0000,0.07858,0.33099,0.65058,0.73176,0.07858,0.33099,0.65058,0.73176
cards/103.webp,inchangée,1.0000,0.16048,0.39023,0.66793,0.75874,0.16048,0.39023,0.66793,0.75874
cards/104.webp,éclaircie sans assombrissement,1.1000,0.06519,0.26736,0.66211,0.77598,0.07059,0.29411,0.72682,0.84555
cards/105.png,inchangée,1.0000,0.12468,0.41091,0.69320,0.80669,0.12468,0.41091,0.69320,0.80669
cards/106.png,inchangée,1.0000,0.06596,0.36682,0.63932,0.75339,0.06596,0.36682,0.63932,0.75339
cards/107.webp,inchangée,1.0000,0.09844,0.35576,0.56352,0.78812,0.09844,0.35576,0.56352,0.78812
cards/108.png,inchangée,1.0000,0.08435,0.41401,0.66705,0.77768,0.08435,0.41401,0.66705,0.77768
cards/109.webp,inchangée,1.0000,0.11205,0.34044,0.55084,0.70678,0.11205,0.34044,0.55084,0.70678
cards/110.webp,inchangée,1.0000,0.08460,0.43540,0.69072,0.79019,0.08460,0.43540,0.69072,0.79019
cards/111.webp,inchangée,1.0000,0.11395,0.42098,0.69294,0.80683,0.11395,0.42098,0.69294,0.80683
cards/112.webp,inchangée,1.0000,0.25220,0.46324,0.63499,0.70884,0.25220,0.46324,0.63499,0.70884
cards/113.webp,éclaircie sans assombrissement,1.1000,0.06798,0.27906,0.64390,0.78830,0.07479,0.30720,0.70520,0.85740
cards/114.png,inchangée,1.0000,0.07378,0.36841,0.63849,0.72557,0.07378,0.36841,0.63849,0.72557
cards/115.webp,éclaircie sans assombrissement,1.1000,0.06805,0.31712,0.64337,0.74243,0.07473,0.34897,0.70755,0.81294
cards/116.webp,inchangée,1.0000,0.15067,0.42617,0.70428,0.81541,0.15067,0.42617,0.70428,0.81541
cards/117.webp,inchangée,1.0000,0.14964,0.42658,0.68478,0.75783,0.14964,0.42658,0.68478,0.75783
cards/118.webp,inchangée,1.0000,0.19017,0.53181,0.74322,0.79700,0.19017,0.53181,0.74322,0.79700
cards/119.webp,inchangée,1.0000,0.19108,0.50731,0.76461,0.79910,0.19108,0.50731,0.76461,0.79910
cards/120.webp,inchangée,1.0000,0.17318,0.44133,0.67992,0.73023,0.17318,0.44133,0.67992,0.73023
cards/121.webp,inchangée,1.0000,0.12628,0.33226,0.67248,0.79210,0.12628,0.33226,0.67248,0.79210
cards/122.webp,inchangée,1.0000,0.16768,0.37208,0.64602,0.74501,0.16768,0.37208,0.64602,0.74501
cards/123.webp,inchangée,1.0000,0.19446,0.51897,0.74442,0.77815,0.19446,0.51897,0.74442,0.77815
cards/124.webp,inchangée,1.0000,0.16125,0.34293,0.61307,0.75581,0.16125,0.34293,0.61307,0.75581
cards/125.webp,inchangée,1.0000,0.16718,0.33525,0.69452,0.84003,0.16718,0.33525,0.69452,0.84003
cards/126.webp,inchangée,1.0000,0.19135,0.34784,0.58159,0.68626,0.19135,0.34784,0.58159,0.68626
cards/127.webp,inchangée,1.0000,0.19888,0.45336,0.64887,0.71835,0.19888,0.45336,0.64887,0.71835
cards/128.webp,inchangée,1.0000,0.18222,0.43792,0.73925,0.81403,0.18222,0.43792,0.73925,0.81403
cards/129.webp,inchangée,1.0000,0.20771,0.35074,0.62313,0.71515,0.20771,0.35074,0.62313,0.71515
cards/130.webp,éclaircie sans assombrissement,1.1000,0.07412,0.30861,0.63919,0.70111,0.08189,0.33934,0.70122,0.76227
